-- V3__seed_data.sql
-- 100 Employee seed records for testing

-- Insert into person table
INSERT INTO person (employee_id, salutation, first_name, middle_name, last_name, gender, dob, mobile) VALUES
('EMP-0001', 'Mr', 'Rajesh', 'Kumar', 'Sharma', 'M', '1990-05-15', '9876543201'),
('EMP-0002', 'Ms', 'Priya', 'Devi', 'Nair', 'F', '1992-08-22', '9876543202'),
('EMP-0003', 'Mr', 'Amit', 'Raj', 'Verma', 'M', '1988-03-10', '9876543203'),
('EMP-0004', 'Mrs', 'Sunita', 'Rani', 'Gupta', 'F', '1991-11-30', '9876543204'),
('EMP-0005', 'Mr', 'Vikram', 'Singh', 'Patel', 'M', '1985-07-19', '9876543205'),
('EMP-0006', 'Ms', 'Anjali', 'Meena', 'Reddy', 'F', '1993-02-14', '9876543206'),
('EMP-0007', 'Mr', 'Rahul', 'Dev', 'Mehta', 'M', '1987-09-25', '9876543207'),
('EMP-0008', 'Mrs', 'Kavitha', 'Laxmi', 'Pillai', 'F', '1990-12-05', '9876543208'),
('EMP-0009', 'Mr', 'Suresh', 'Babu', 'Rao', 'M', '1986-04-18', '9876543209'),
('EMP-0010', 'Ms', 'Deepa', 'Anitha', 'Krishna', 'F', '1994-06-28', '9876543210'),
('EMP-0011', 'Mr', 'Arjun', 'Nath', 'Joshi', 'M', '1989-01-12', '9876543211'),
('EMP-0012', 'Mrs', 'Meena', 'Kumari', 'Singh', 'F', '1991-03-22', '9876543212'),
('EMP-0013', 'Mr', 'Kiran', 'Raj', 'Kumar', 'M', '1983-08-09', '9876543213'),
('EMP-0014', 'Ms', 'Lakshmi', 'Priya', 'Menon', 'F', '1995-10-17', '9876543214'),
('EMP-0015', 'Mr', 'Ganesh', 'Ram', 'Iyer', 'M', '1988-05-30', '9876543215'),
('EMP-0016', 'Mrs', 'Radha', 'Bai', 'Nambiar', 'F', '1990-07-11', '9876543216'),
('EMP-0017', 'Mr', 'Sanjay', 'Mohan', 'Tiwari', 'M', '1987-02-26', '9876543217'),
('EMP-0018', 'Ms', 'Pooja', 'Shree', 'Agarwal', 'F', '1993-09-04', '9876543218'),
('EMP-0019', 'Mr', 'Manoj', 'Prasad', 'Yadav', 'M', '1985-11-21', '9876543219'),
('EMP-0020', 'Mrs', 'Usha', 'Devi', 'Pandey', 'F', '1992-04-13', '9876543220'),
('EMP-0021', 'Mr', 'Arun', 'Shankar', 'Pillai', 'M', '1986-06-08', '9876543221'),
('EMP-0022', 'Ms', 'Nisha', 'Rani', 'Chatterjee', 'F', '1994-01-29', '9876543222'),
('EMP-0023', 'Mr', 'Ravi', 'Shankar', 'Dubey', 'M', '1989-08-16', '9876543223'),
('EMP-0024', 'Mrs', 'Savitha', 'Kumari', 'Hegde', 'F', '1991-05-03', '9876543224'),
('EMP-0025', 'Mr', 'Naresh', 'Babu', 'Patil', 'M', '1984-10-27', '9876543225'),
('EMP-0026', 'Ms', 'Rekha', 'Devi', 'Jain', 'F', '1993-03-15', '9876543226'),
('EMP-0027', 'Mr', 'Venkat', 'Rao', 'Subramanian', 'M', '1988-07-02', '9876543227'),
('EMP-0028', 'Mrs', 'Geetha', 'Lakshmi', 'Bhat', 'F', '1990-09-19', '9876543228'),
('EMP-0029', 'Mr', 'Prasad', 'Kumar', 'Mishra', 'M', '1987-12-08', '9876543229'),
('EMP-0030', 'Ms', 'Anitha', 'Priya', 'Varma', 'F', '1995-02-24', '9876543230'),
('EMP-0031', 'Mr', 'Sunil', 'Das', 'Banerjee', 'M', '1983-04-11', '9876543231'),
('EMP-0032', 'Mrs', 'Padma', 'Vathi', 'Krishnan', 'F', '1992-06-30', '9876543232'),
('EMP-0033', 'Mr', 'Dinesh', 'Raj', 'Shetty', 'M', '1986-11-14', '9876543233'),
('EMP-0034', 'Ms', 'Vijaya', 'Laxmi', 'Rao', 'F', '1994-08-07', '9876543234'),
('EMP-0035', 'Mr', 'Ramesh', 'Chandra', 'Shukla', 'M', '1989-03-23', '9876543235'),
('EMP-0036', 'Mrs', 'Saritha', 'Devi', 'Nair', 'F', '1991-10-12', '9876543236'),
('EMP-0037', 'Mr', 'Ajay', 'Kumar', 'Saxena', 'M', '1985-01-06', '9876543237'),
('EMP-0038', 'Ms', 'Indira', 'Bai', 'Pillai', 'F', '1993-05-28', '9876543238'),
('EMP-0039', 'Mr', 'Mahesh', 'Babu', 'Reddy', 'M', '1988-09-15', '9876543239'),
('EMP-0040', 'Mrs', 'Shobha', 'Rani', 'Sharma', 'F', '1990-11-01', '9876543240'),
('EMP-0041', 'Mr', 'Prakash', 'Raj', 'Verma', 'M', '1987-06-17', '9876543241'),
('EMP-0042', 'Ms', 'Hema', 'Malini', 'Gupta', 'F', '1992-02-09', '9876543242'),
('EMP-0043', 'Mr', 'Srinivas', 'Rao', 'Patel', 'M', '1984-07-24', '9876543243'),
('EMP-0044', 'Mrs', 'Pushpa', 'Devi', 'Mehta', 'F', '1993-04-03', '9876543244'),
('EMP-0045', 'Mr', 'Balaji', 'Krishnan', 'Iyer', 'M', '1986-12-19', '9876543245'),
('EMP-0046', 'Ms', 'Nalini', 'Priya', 'Menon', 'F', '1994-09-08', '9876543246'),
('EMP-0047', 'Mr', 'Gopal', 'Das', 'Sinha', 'M', '1989-05-26', '9876543247'),
('EMP-0048', 'Mrs', 'Kamala', 'Devi', 'Tiwari', 'F', '1991-08-14', '9876543248'),
('EMP-0049', 'Mr', 'Santosh', 'Kumar', 'Yadav', 'M', '1985-03-31', '9876543249'),
('EMP-0050', 'Ms', 'Bharathi', 'Priya', 'Pillai', 'F', '1993-11-20', '9876543250'),
('EMP-0051', 'Mr', 'Mohan', 'Lal', 'Joshi', 'M', '1988-06-06', '9876543251'),
('EMP-0052', 'Mrs', 'Vimala', 'Devi', 'Singh', 'F', '1990-01-25', '9876543252'),
('EMP-0053', 'Mr', 'Kishore', 'Kumar', 'Rao', 'M', '1987-08-13', '9876543253'),
('EMP-0054', 'Ms', 'Chitra', 'Lekha', 'Nambiar', 'F', '1994-04-29', '9876543254'),
('EMP-0055', 'Mr', 'Harish', 'Babu', 'Kurup', 'M', '1983-10-07', '9876543255'),
('EMP-0056', 'Mrs', 'Sulochana', 'Devi', 'Bhat', 'F', '1992-07-22', '9876543256'),
('EMP-0057', 'Mr', 'Deepak', 'Raj', 'Mishra', 'M', '1986-02-18', '9876543257'),
('EMP-0058', 'Ms', 'Ambika', 'Priya', 'Varma', 'F', '1994-12-04', '9876543258'),
('EMP-0059', 'Mr', 'Rajeev', 'Kumar', 'Banerjee', 'M', '1989-09-21', '9876543259'),
('EMP-0060', 'Mrs', 'Shanthi', 'Devi', 'Krishnan', 'F', '1991-06-10', '9876543260'),
('EMP-0061', 'Mr', 'Suresh', 'Raj', 'Shetty', 'M', '1985-04-27', '9876543261'),
('EMP-0062', 'Ms', 'Revathi', 'Priya', 'Nair', 'F', '1993-01-16', '9876543262'),
('EMP-0063', 'Mr', 'Jayaram', 'Krishnan', 'Pillai', 'M', '1988-11-02', '9876543263'),
('EMP-0064', 'Mrs', 'Girija', 'Devi', 'Sharma', 'F', '1990-08-20', '9876543264'),
('EMP-0065', 'Mr', 'Chandran', 'Nair', 'Menon', 'M', '1987-05-09', '9876543265'),
('EMP-0066', 'Ms', 'Sumathi', 'Rani', 'Reddy', 'F', '1994-02-25', '9876543266'),
('EMP-0067', 'Mr', 'Balasubramanian', 'Iyer', 'Subramanian', 'M', '1984-07-14', '9876543267'),
('EMP-0068', 'Mrs', 'Meenakshi', 'Devi', 'Patel', 'F', '1992-10-31', '9876543268'),
('EMP-0069', 'Mr', 'Ashok', 'Kumar', 'Mehta', 'M', '1986-03-17', '9876543269'),
('EMP-0070', 'Ms', 'Saroja', 'Priya', 'Rao', 'F', '1993-08-05', '9876543270'),
('EMP-0071', 'Mr', 'Jagdish', 'Prasad', 'Tiwari', 'M', '1989-12-22', '9876543271'),
('EMP-0072', 'Mrs', 'Parvathi', 'Devi', 'Iyer', 'F', '1991-05-11', '9876543272'),
('EMP-0073', 'Mr', 'Ramakrishna', 'Rao', 'Pillai', 'M', '1985-09-28', '9876543273'),
('EMP-0074', 'Ms', 'Vasantha', 'Kumari', 'Nambiar', 'F', '1993-06-17', '9876543274'),
('EMP-0075', 'Mr', 'Krishnamurthy', 'Iyer', 'Bhat', 'M', '1988-01-04', '9876543275'),
('EMP-0076', 'Mrs', 'Rukmini', 'Devi', 'Mishra', 'F', '1990-04-23', '9876543276'),
('EMP-0077', 'Mr', 'Subramanian', 'Pillai', 'Krishnan', 'M', '1987-11-10', '9876543277'),
('EMP-0078', 'Ms', 'Gomathi', 'Priya', 'Varma', 'F', '1994-07-29', '9876543278'),
('EMP-0079', 'Mr', 'Natarajan', 'Raj', 'Iyer', 'M', '1983-02-15', '9876543279'),
('EMP-0080', 'Mrs', 'Saraswathi', 'Devi', 'Banerjee', 'F', '1992-09-03', '9876543280'),
('EMP-0081', 'Mr', 'Murugan', 'Das', 'Krishnan', 'M', '1986-06-20', '9876543281'),
('EMP-0082', 'Ms', 'Komalavalli', 'Priya', 'Shetty', 'F', '1993-03-09', '9876543282'),
('EMP-0083', 'Mr', 'Selvam', 'Kumar', 'Nair', 'M', '1989-10-25', '9876543283'),
('EMP-0084', 'Mrs', 'Bhavani', 'Devi', 'Sharma', 'F', '1991-07-14', '9876543284'),
('EMP-0085', 'Mr', 'Durai', 'Raj', 'Rao', 'M', '1985-12-01', '9876543285'),
('EMP-0086', 'Ms', 'Malathi', 'Rani', 'Pillai', 'F', '1993-04-18', '9876543286'),
('EMP-0087', 'Mr', 'Anbazhagan', 'Murugan', 'Subramanian', 'M', '1988-08-07', '9876543287'),
('EMP-0088', 'Mrs', 'Thilaga', 'Devi', 'Menon', 'F', '1990-11-24', '9876543288'),
('EMP-0089', 'Mr', 'Palaniswamy', 'Raj', 'Pillai', 'M', '1987-06-12', '9876543289'),
('EMP-0090', 'Ms', 'Jayalakshmi', 'Priya', 'Nambiar', 'F', '1994-01-30', '9876543290'),
('EMP-0091', 'Mr', 'Velmurugan', 'Kumar', 'Iyer', 'M', '1984-09-16', '9876543291'),
('EMP-0092', 'Mrs', 'Karpagam', 'Devi', 'Bhat', 'F', '1992-06-05', '9876543292'),
('EMP-0093', 'Mr', 'Senthil', 'Kumar', 'Mishra', 'M', '1986-01-22', '9876543293'),
('EMP-0094', 'Ms', 'Kaveri', 'Priya', 'Varma', 'F', '1993-10-11', '9876543294'),
('EMP-0095', 'Mr', 'Pandian', 'Raj', 'Krishnan', 'M', '1989-07-28', '9876543295'),
('EMP-0096', 'Mrs', 'Selvi', 'Devi', 'Shetty', 'F', '1991-04-17', '9876543296'),
('EMP-0097', 'Mr', 'Arumugam', 'Pillai', 'Nair', 'M', '1985-11-03', '9876543297'),
('EMP-0098', 'Ms', 'Parimala', 'Priya', 'Sharma', 'F', '1993-08-22', '9876543298'),
('EMP-0099', 'Mr', 'Kathirvel', 'Kumar', 'Rao', 'M', '1988-03-09', '9876543299'),
('EMP-0100', 'Mrs', 'Mangayarkarasi', 'Devi', 'Pillai', 'F', '1990-06-26', '9876543300');

-- Insert into person_details table
INSERT INTO person_details (employee_id, email, designation, employee_group, reporting_manager, department, status, relieving_date, site) VALUES
('EMP-0001', 'rajesh.sharma@company.com', 'Senior Developer', 'Engineering', 'Vikram Patel', 'IT Department', 'Active', NULL, 'Bangalore'),
('EMP-0002', 'priya.nair@company.com', 'HR Manager', 'Human Resources', 'Sunita Gupta', 'HR Department', 'Active', NULL, 'Mumbai'),
('EMP-0003', 'amit.verma@company.com', 'Team Lead', 'Engineering', 'Rajesh Sharma', 'IT Department', 'Active', NULL, 'Bangalore'),
('EMP-0004', 'sunita.gupta@company.com', 'HR Director', 'Human Resources', 'Vikram Patel', 'HR Department', 'Active', NULL, 'Mumbai'),
('EMP-0005', 'vikram.patel@company.com', 'CTO', 'Leadership', NULL, 'Technology', 'Active', NULL, 'Bangalore'),
('EMP-0006', 'anjali.reddy@company.com', 'QA Engineer', 'Quality', 'Amit Verma', 'Quality Department', 'Active', NULL, 'Hyderabad'),
('EMP-0007', 'rahul.mehta@company.com', 'Backend Developer', 'Engineering', 'Amit Verma', 'IT Department', 'Active', NULL, 'Bangalore'),
('EMP-0008', 'kavitha.pillai@company.com', 'Accountant', 'Finance', 'Suresh Rao', 'Finance Department', 'Active', NULL, 'Chennai'),
('EMP-0009', 'suresh.rao@company.com', 'Finance Manager', 'Finance', 'Vikram Patel', 'Finance Department', 'Active', NULL, 'Chennai'),
('EMP-0010', 'deepa.krishna@company.com', 'UI Designer', 'Design', 'Rajesh Sharma', 'Design Department', 'Active', NULL, 'Bangalore'),
('EMP-0011', 'arjun.joshi@company.com', 'DevOps Engineer', 'Engineering', 'Rajesh Sharma', 'IT Department', 'Active', NULL, 'Bangalore'),
('EMP-0012', 'meena.singh@company.com', 'HR Executive', 'Human Resources', 'Priya Nair', 'HR Department', 'Active', NULL, 'Mumbai'),
('EMP-0013', 'kiran.kumar@company.com', 'Senior Architect', 'Engineering', 'Vikram Patel', 'IT Department', 'Active', NULL, 'Bangalore'),
('EMP-0014', 'lakshmi.menon@company.com', 'Content Writer', 'Marketing', 'Naresh Patil', 'Marketing Department', 'Active', NULL, 'Kochi'),
('EMP-0015', 'ganesh.iyer@company.com', 'Database Admin', 'Engineering', 'Kiran Kumar', 'IT Department', 'Active', NULL, 'Chennai'),
('EMP-0016', 'radha.nambiar@company.com', 'Payroll Specialist', 'Finance', 'Suresh Rao', 'Finance Department', 'Active', NULL, 'Kochi'),
('EMP-0017', 'sanjay.tiwari@company.com', 'Project Manager', 'Management', 'Vikram Patel', 'IT Department', 'Active', NULL, 'Delhi'),
('EMP-0018', 'pooja.agarwal@company.com', 'Frontend Developer', 'Engineering', 'Amit Verma', 'IT Department', 'Active', NULL, 'Bangalore'),
('EMP-0019', 'manoj.yadav@company.com', 'Sales Executive', 'Sales', 'Naresh Patil', 'Sales Department', 'Active', NULL, 'Delhi'),
('EMP-0020', 'usha.pandey@company.com', 'Admin Executive', 'Administration', 'Sunita Gupta', 'Admin Department', 'Active', NULL, 'Mumbai'),
('EMP-0021', 'arun.pillai@company.com', 'Network Engineer', 'Engineering', 'Kiran Kumar', 'IT Department', 'Active', NULL, 'Chennai'),
('EMP-0022', 'nisha.chatterjee@company.com', 'Recruiter', 'Human Resources', 'Priya Nair', 'HR Department', 'Active', NULL, 'Kolkata'),
('EMP-0023', 'ravi.dubey@company.com', 'Senior QA', 'Quality', 'Anjali Reddy', 'Quality Department', 'Active', NULL, 'Hyderabad'),
('EMP-0024', 'savitha.hegde@company.com', 'Finance Analyst', 'Finance', 'Suresh Rao', 'Finance Department', 'Active', NULL, 'Bangalore'),
('EMP-0025', 'naresh.patil@company.com', 'Sales Director', 'Sales', 'Vikram Patel', 'Sales Department', 'Active', NULL, 'Mumbai'),
('EMP-0026', 'rekha.jain@company.com', 'Legal Advisor', 'Legal', 'Vikram Patel', 'Legal Department', 'Active', NULL, 'Delhi'),
('EMP-0027', 'venkat.subramanian@company.com', 'Senior DBA', 'Engineering', 'Kiran Kumar', 'IT Department', 'Active', NULL, 'Chennai'),
('EMP-0028', 'geetha.bhat@company.com', 'Operations Manager', 'Operations', 'Vikram Patel', 'Operations Department', 'Active', NULL, 'Bangalore'),
('EMP-0029', 'prasad.mishra@company.com', 'Business Analyst', 'Management', 'Sanjay Tiwari', 'IT Department', 'Active', NULL, 'Delhi'),
('EMP-0030', 'anitha.varma@company.com', 'UX Designer', 'Design', 'Deepa Krishna', 'Design Department', 'Active', NULL, 'Kochi'),
('EMP-0031', 'sunil.banerjee@company.com', 'Security Engineer', 'Engineering', 'Kiran Kumar', 'IT Department', 'Active', NULL, 'Kolkata'),
('EMP-0032', 'padma.krishnan@company.com', 'Training Manager', 'Human Resources', 'Priya Nair', 'HR Department', 'Active', NULL, 'Chennai'),
('EMP-0033', 'dinesh.shetty@company.com', 'Mobile Developer', 'Engineering', 'Amit Verma', 'IT Department', 'Active', NULL, 'Bangalore'),
('EMP-0034', 'vijaya.rao@company.com', 'Marketing Manager', 'Marketing', 'Naresh Patil', 'Marketing Department', 'Active', NULL, 'Hyderabad'),
('EMP-0035', 'ramesh.shukla@company.com', 'System Admin', 'Engineering', 'Arun Pillai', 'IT Department', 'Active', NULL, 'Delhi'),
('EMP-0036', 'saritha.nair@company.com', 'Compliance Officer', 'Legal', 'Rekha Jain', 'Legal Department', 'Active', NULL, 'Kochi'),
('EMP-0037', 'ajay.saxena@company.com', 'Cloud Engineer', 'Engineering', 'Arjun Joshi', 'IT Department', 'Active', NULL, 'Delhi'),
('EMP-0038', 'indira.pillai@company.com', 'Welfare Officer', 'Human Resources', 'Sunita Gupta', 'HR Department', 'Active', NULL, 'Chennai'),
('EMP-0039', 'mahesh.reddy@company.com', 'Full Stack Developer', 'Engineering', 'Rajesh Sharma', 'IT Department', 'Active', NULL, 'Hyderabad'),
('EMP-0040', 'shobha.sharma@company.com', 'Accounts Manager', 'Finance', 'Suresh Rao', 'Finance Department', 'Active', NULL, 'Mumbai'),
('EMP-0041', 'prakash.verma@company.com', 'Data Engineer', 'Engineering', 'Kiran Kumar', 'IT Department', 'Active', NULL, 'Bangalore'),
('EMP-0042', 'hema.gupta@company.com', 'PR Manager', 'Marketing', 'Vijaya Rao', 'Marketing Department', 'Active', NULL, 'Delhi'),
('EMP-0043', 'srinivas.patel@company.com', 'ERP Consultant', 'IT', 'Sanjay Tiwari', 'IT Department', 'Active', NULL, 'Hyderabad'),
('EMP-0044', 'pushpa.mehta@company.com', 'Office Manager', 'Administration', 'Geetha Bhat', 'Admin Department', 'Active', NULL, 'Mumbai'),
('EMP-0045', 'balaji.iyer@company.com', 'Data Scientist', 'Engineering', 'Vikram Patel', 'IT Department', 'Active', NULL, 'Chennai'),
('EMP-0046', 'nalini.menon@company.com', 'Brand Manager', 'Marketing', 'Vijaya Rao', 'Marketing Department', 'Active', NULL, 'Kochi'),
('EMP-0047', 'gopal.sinha@company.com', 'Procurement Manager', 'Operations', 'Geetha Bhat', 'Operations Department', 'Active', NULL, 'Kolkata'),
('EMP-0048', 'kamala.tiwari@company.com', 'Payroll Manager', 'Finance', 'Suresh Rao', 'Finance Department', 'Active', NULL, 'Delhi'),
('EMP-0049', 'santosh.yadav@company.com', 'Regional Sales Manager', 'Sales', 'Naresh Patil', 'Sales Department', 'Active', NULL, 'Hyderabad'),
('EMP-0050', 'bharathi.pillai@company.com', 'Software Tester', 'Quality', 'Ravi Dubey', 'Quality Department', 'Active', NULL, 'Chennai'),
('EMP-0051', 'mohan.joshi@company.com', 'IT Support', 'Engineering', 'Arun Pillai', 'IT Department', 'Active', NULL, 'Delhi'),
('EMP-0052', 'vimala.singh@company.com', 'Benefits Coordinator', 'Human Resources', 'Priya Nair', 'HR Department', 'Active', NULL, 'Mumbai'),
('EMP-0053', 'kishore.rao@company.com', 'Senior Data Analyst', 'Engineering', 'Balaji Iyer', 'IT Department', 'Active', NULL, 'Bangalore'),
('EMP-0054', 'chitra.nambiar@company.com', 'Social Media Manager', 'Marketing', 'Hema Gupta', 'Marketing Department', 'Active', NULL, 'Kochi'),
('EMP-0055', 'harish.kurup@company.com', 'Infrastructure Engineer', 'Engineering', 'Ajay Saxena', 'IT Department', 'Active', NULL, 'Chennai'),
('EMP-0056', 'sulochana.bhat@company.com', 'Tax Consultant', 'Finance', 'Savitha Hegde', 'Finance Department', 'Active', NULL, 'Bangalore'),
('EMP-0057', 'deepak.mishra@company.com', 'Product Manager', 'Management', 'Sanjay Tiwari', 'IT Department', 'Active', NULL, 'Delhi'),
('EMP-0058', 'ambika.varma@company.com', 'Graphic Designer', 'Design', 'Anitha Varma', 'Design Department', 'Active', NULL, 'Kochi'),
('EMP-0059', 'rajeev.banerjee@company.com', 'Solutions Architect', 'Engineering', 'Kiran Kumar', 'IT Department', 'Active', NULL, 'Kolkata'),
('EMP-0060', 'shanthi.krishnan@company.com', 'Corporate Trainer', 'Human Resources', 'Padma Krishnan', 'HR Department', 'Active', NULL, 'Chennai'),
('EMP-0061', 'suresh.shetty@company.com', 'Sales Manager', 'Sales', 'Santosh Yadav', 'Sales Department', 'Active', NULL, 'Hyderabad'),
('EMP-0062', 'revathi.nair@company.com', 'Automation Tester', 'Quality', 'Ravi Dubey', 'Quality Department', 'Active', NULL, 'Kochi'),
('EMP-0063', 'jayaram.pillai@company.com', 'Embedded Engineer', 'Engineering', 'Rahul Mehta', 'IT Department', 'Active', NULL, 'Chennai'),
('EMP-0064', 'girija.sharma@company.com', 'Office Administrator', 'Administration', 'Pushpa Mehta', 'Admin Department', 'Active', NULL, 'Delhi'),
('EMP-0065', 'chandran.menon@company.com', 'Cybersecurity Analyst', 'Engineering', 'Sunil Banerjee', 'IT Department', 'Active', NULL, 'Kochi'),
('EMP-0066', 'sumathi.reddy@company.com', 'Digital Marketer', 'Marketing', 'Nalini Menon', 'Marketing Department', 'Active', NULL, 'Hyderabad'),
('EMP-0067', 'balasubramanian.subramanian@company.com', 'Senior Consultant', 'Management', 'Vikram Patel', 'IT Department', 'Active', NULL, 'Chennai'),
('EMP-0068', 'meenakshi.patel@company.com', 'Audit Manager', 'Finance', 'Shobha Sharma', 'Finance Department', 'Active', NULL, 'Mumbai'),
('EMP-0069', 'ashok.mehta@company.com', 'Supply Chain Manager', 'Operations', 'Geetha Bhat', 'Operations Department', 'Active', NULL, 'Delhi'),
('EMP-0070', 'saroja.rao@company.com', 'Market Research Analyst', 'Marketing', 'Vijaya Rao', 'Marketing Department', 'Active', NULL, 'Hyderabad'),
('EMP-0071', 'jagdish.tiwari@company.com', 'Risk Analyst', 'Finance', 'Meenakshi Patel', 'Finance Department', 'Active', NULL, 'Delhi'),
('EMP-0072', 'parvathi.iyer@company.com', 'Learning Developer', 'Human Resources', 'Padma Krishnan', 'HR Department', 'Inactive', '2024-06-30', 'Chennai'),
('EMP-0073', 'ramakrishna.pillai@company.com', 'Platform Engineer', 'Engineering', 'Arjun Joshi', 'IT Department', 'Active', NULL, 'Bangalore'),
('EMP-0074', 'vasantha.nambiar@company.com', 'Event Coordinator', 'Marketing', 'Hema Gupta', 'Marketing Department', 'Active', NULL, 'Kochi'),
('EMP-0075', 'krishnamurthy.bhat@company.com', 'API Developer', 'Engineering', 'Mahesh Reddy', 'IT Department', 'Active', NULL, 'Bangalore'),
('EMP-0076', 'rukmini.mishra@company.com', 'Statutory Compliance', 'Legal', 'Saritha Nair', 'Legal Department', 'Inactive', '2024-03-31', 'Delhi'),
('EMP-0077', 'subramanian.krishnan@company.com', 'Release Manager', 'Engineering', 'Sanjay Tiwari', 'IT Department', 'Active', NULL, 'Chennai'),
('EMP-0078', 'gomathi.varma@company.com', 'Video Editor', 'Design', 'Ambika Varma', 'Design Department', 'Active', NULL, 'Kochi'),
('EMP-0079', 'natarajan.iyer@company.com', 'Principal Engineer', 'Engineering', 'Vikram Patel', 'IT Department', 'Active', NULL, 'Chennai'),
('EMP-0080', 'saraswathi.banerjee@company.com', 'Diversity Officer', 'Human Resources', 'Sunita Gupta', 'HR Department', 'Active', NULL, 'Kolkata'),
('EMP-0081', 'murugan.krishnan@company.com', 'IoT Engineer', 'Engineering', 'Rahul Mehta', 'IT Department', 'Active', NULL, 'Chennai'),
('EMP-0082', 'komalavalli.shetty@company.com', 'SEO Specialist', 'Marketing', 'Chitra Nambiar', 'Marketing Department', 'Active', NULL, 'Bangalore'),
('EMP-0083', 'selvam.nair@company.com', 'Scrum Master', 'Management', 'Deepak Mishra', 'IT Department', 'Active', NULL, 'Kochi'),
('EMP-0084', 'bhavani.sharma@company.com', 'Compensation Analyst', 'Human Resources', 'Kamala Tiwari', 'HR Department', 'Active', NULL, 'Delhi'),
('EMP-0085', 'durai.rao@company.com', 'Sales Analyst', 'Sales', 'Suresh Shetty', 'Sales Department', 'Active', NULL, 'Hyderabad'),
('EMP-0086', 'malathi.pillai@company.com', 'Technical Writer', 'Engineering', 'Prasad Mishra', 'IT Department', 'Active', NULL, 'Chennai'),
('EMP-0087', 'anbazhagan.subramanian@company.com', 'ML Engineer', 'Engineering', 'Balaji Iyer', 'IT Department', 'Active', NULL, 'Bangalore'),
('EMP-0088', 'thilaga.menon@company.com', 'Travel Coordinator', 'Administration', 'Girija Sharma', 'Admin Department', 'Active', NULL, 'Kochi'),
('EMP-0089', 'palaniswamy.pillai@company.com', 'Integration Engineer', 'Engineering', 'Venkat Subramanian', 'IT Department', 'Active', NULL, 'Chennai'),
('EMP-0090', 'jayalakshmi.nambiar@company.com', 'Customer Success', 'Sales', 'Santosh Yadav', 'Sales Department', 'Active', NULL, 'Kochi'),
('EMP-0091', 'velmurugan.iyer@company.com', 'Blockchain Developer', 'Engineering', 'Rajesh Sharma', 'IT Department', 'Active', NULL, 'Bangalore'),
('EMP-0092', 'karpagam.bhat@company.com', 'Internal Auditor', 'Finance', 'Jagdish Tiwari', 'Finance Department', 'Inactive', '2024-09-30', 'Bangalore'),
('EMP-0093', 'senthil.mishra@company.com', 'Middleware Developer', 'Engineering', 'Srinivas Patel', 'IT Department', 'Active', NULL, 'Chennai'),
('EMP-0094', 'kaveri.varma@company.com', 'Animation Designer', 'Design', 'Gomathi Varma', 'Design Department', 'Active', NULL, 'Kochi'),
('EMP-0095', 'pandian.krishnan@company.com', 'Pre-Sales Engineer', 'Sales', 'Naresh Patil', 'Sales Department', 'Active', NULL, 'Chennai'),
('EMP-0096', 'selvi.shetty@company.com', 'Employee Relations', 'Human Resources', 'Saraswathi Banerjee', 'HR Department', 'Active', NULL, 'Bangalore'),
('EMP-0097', 'arumugam.nair@company.com', 'Mainframe Developer', 'Engineering', 'Natarajan Iyer', 'IT Department', 'Active', NULL, 'Chennai'),
('EMP-0098', 'parimala.sharma@company.com', 'Cost Accountant', 'Finance', 'Shobha Sharma', 'Finance Department', 'Active', NULL, 'Mumbai'),
('EMP-0099', 'kathirvel.rao@company.com', 'Quality Lead', 'Quality', 'Anjali Reddy', 'Quality Department', 'Active', NULL, 'Hyderabad'),
('EMP-0100', 'mangayarkarasi.pillai@company.com', 'VP Operations', 'Leadership', 'Vikram Patel', 'Operations Department', 'Active', NULL, 'Chennai');

-- Insert into address table
INSERT INTO address (employee_id, country, state, city, zip_code, address_line1, address_line2) VALUES
('EMP-0001', 'India', 'Karnataka', 'Bangalore', '560001', '12 MG Road', 'Shivajinagar'),
('EMP-0002', 'India', 'Maharashtra', 'Mumbai', '400001', '45 Marine Drive', 'Churchgate'),
('EMP-0003', 'India', 'Karnataka', 'Bangalore', '560002', '78 Brigade Road', 'Ashok Nagar'),
('EMP-0004', 'India', 'Maharashtra', 'Mumbai', '400002', '23 Juhu Beach', 'Vile Parle'),
('EMP-0005', 'India', 'Karnataka', 'Bangalore', '560003', '56 Indiranagar', '100 Feet Road'),
('EMP-0006', 'India', 'Telangana', 'Hyderabad', '500001', '34 Banjara Hills', 'Road No 12'),
('EMP-0007', 'India', 'Karnataka', 'Bangalore', '560004', '90 Koramangala', '5th Block'),
('EMP-0008', 'India', 'Tamil Nadu', 'Chennai', '600001', '67 Anna Nagar', 'East Wing'),
('EMP-0009', 'India', 'Tamil Nadu', 'Chennai', '600002', '12 T Nagar', 'Pondy Bazaar'),
('EMP-0010', 'India', 'Karnataka', 'Bangalore', '560005', '45 HSR Layout', 'Sector 2'),
('EMP-0011', 'India', 'Karnataka', 'Bangalore', '560006', '23 Whitefield', 'ITPL Road'),
('EMP-0012', 'India', 'Maharashtra', 'Mumbai', '400003', '78 Bandra West', 'Hill Road'),
('EMP-0013', 'India', 'Karnataka', 'Bangalore', '560007', '34 Electronic City', 'Phase 1'),
('EMP-0014', 'India', 'Kerala', 'Kochi', '682001', '56 MG Road', 'Ernakulam'),
('EMP-0015', 'India', 'Tamil Nadu', 'Chennai', '600003', '89 Adyar', 'Canal Road'),
('EMP-0016', 'India', 'Kerala', 'Kochi', '682002', '12 Marine Drive', 'Willingdon Island'),
('EMP-0017', 'India', 'Delhi', 'New Delhi', '110001', '45 Connaught Place', 'Inner Circle'),
('EMP-0018', 'India', 'Karnataka', 'Bangalore', '560008', '67 Jayanagar', '4th Block'),
('EMP-0019', 'India', 'Delhi', 'New Delhi', '110002', '23 Lajpat Nagar', 'Central Market'),
('EMP-0020', 'India', 'Maharashtra', 'Mumbai', '400004', '90 Dadar', 'West Colony'),
('EMP-0021', 'India', 'Tamil Nadu', 'Chennai', '600004', '12 Velachery', 'Main Road'),
('EMP-0022', 'India', 'West Bengal', 'Kolkata', '700001', '45 Park Street', 'South End'),
('EMP-0023', 'India', 'Telangana', 'Hyderabad', '500002', '78 Jubilee Hills', 'Road No 36'),
('EMP-0024', 'India', 'Karnataka', 'Bangalore', '560009', '34 BTM Layout', '2nd Stage'),
('EMP-0025', 'India', 'Maharashtra', 'Mumbai', '400005', '56 Andheri West', 'Lokhandwala'),
('EMP-0026', 'India', 'Delhi', 'New Delhi', '110003', '89 South Extension', 'Part 1'),
('EMP-0027', 'India', 'Tamil Nadu', 'Chennai', '600005', '12 Nungambakkam', 'High Road'),
('EMP-0028', 'India', 'Karnataka', 'Bangalore', '560010', '45 Malleshwaram', '8th Cross'),
('EMP-0029', 'India', 'Delhi', 'New Delhi', '110004', '67 Dwarka', 'Sector 10'),
('EMP-0030', 'India', 'Kerala', 'Kochi', '682003', '23 Kakkanad', 'Infopark Road'),
('EMP-0031', 'India', 'West Bengal', 'Kolkata', '700002', '90 Salt Lake', 'Sector V'),
('EMP-0032', 'India', 'Tamil Nadu', 'Chennai', '600006', '12 Mylapore', 'Tank Road'),
('EMP-0033', 'India', 'Karnataka', 'Bangalore', '560011', '45 Rajajinagar', '1st Block'),
('EMP-0034', 'India', 'Telangana', 'Hyderabad', '500003', '78 Madhapur', 'HITEC City'),
('EMP-0035', 'India', 'Delhi', 'New Delhi', '110005', '34 Rohini', 'Sector 14'),
('EMP-0036', 'India', 'Kerala', 'Kochi', '682004', '56 Aluva', 'North Paravur Road'),
('EMP-0037', 'India', 'Delhi', 'New Delhi', '110006', '89 Vasant Kunj', 'Sector C'),
('EMP-0038', 'India', 'Tamil Nadu', 'Chennai', '600007', '12 Guindy', 'Industrial Estate'),
('EMP-0039', 'India', 'Telangana', 'Hyderabad', '500004', '45 Gachibowli', 'Financial District'),
('EMP-0040', 'India', 'Maharashtra', 'Mumbai', '400006', '67 Powai', 'Hiranandani Gardens'),
('EMP-0041', 'India', 'Karnataka', 'Bangalore', '560012', '23 Marathahalli', 'Outer Ring Road'),
('EMP-0042', 'India', 'Delhi', 'New Delhi', '110007', '90 Greater Kailash', 'Part 2'),
('EMP-0043', 'India', 'Telangana', 'Hyderabad', '500005', '12 Kukatpally', 'KPHB Colony'),
('EMP-0044', 'India', 'Maharashtra', 'Mumbai', '400007', '45 Goregaon', 'East Colony'),
('EMP-0045', 'India', 'Tamil Nadu', 'Chennai', '600008', '78 Sholinganallur', 'OMR Road'),
('EMP-0046', 'India', 'Kerala', 'Kochi', '682005', '34 Thrippunithura', 'Main Junction'),
('EMP-0047', 'India', 'West Bengal', 'Kolkata', '700003', '56 New Town', 'Action Area 1'),
('EMP-0048', 'India', 'Delhi', 'New Delhi', '110008', '89 Pitampura', 'TV Tower Road'),
('EMP-0049', 'India', 'Telangana', 'Hyderabad', '500006', '12 Secunderabad', 'MG Road'),
('EMP-0050', 'India', 'Tamil Nadu', 'Chennai', '600009', '45 Ambattur', 'Industrial Estate'),
('EMP-0051', 'India', 'Delhi', 'New Delhi', '110009', '67 Janakpuri', 'West Block'),
('EMP-0052', 'India', 'Maharashtra', 'Mumbai', '400008', '23 Borivali', 'West Station Road'),
('EMP-0053', 'India', 'Karnataka', 'Bangalore', '560013', '90 Hebbal', 'Kempapura Road'),
('EMP-0054', 'India', 'Kerala', 'Kochi', '682006', '12 Palarivattom', 'NH Bypass'),
('EMP-0055', 'India', 'Tamil Nadu', 'Chennai', '600010', '45 Perumbur', 'Barracks Road'),
('EMP-0056', 'India', 'Karnataka', 'Bangalore', '560014', '78 Yeshwantpur', 'Circle Road'),
('EMP-0057', 'India', 'Delhi', 'New Delhi', '110010', '34 Saket', 'Select City Area'),
('EMP-0058', 'India', 'Kerala', 'Kochi', '682007', '56 Edapally', 'Bypass Road'),
('EMP-0059', 'India', 'West Bengal', 'Kolkata', '700004', '89 Kasba', 'Gariahat Road'),
('EMP-0060', 'India', 'Tamil Nadu', 'Chennai', '600011', '12 Chromepet', 'GST Road'),
('EMP-0061', 'India', 'Telangana', 'Hyderabad', '500007', '45 Ameerpet', 'Main Road'),
('EMP-0062', 'India', 'Kerala', 'Kochi', '682008', '67 Vyttila', 'Hub Junction'),
('EMP-0063', 'India', 'Tamil Nadu', 'Chennai', '600012', '23 Porur', 'Mount Poonamalle Road'),
('EMP-0064', 'India', 'Delhi', 'New Delhi', '110011', '90 Laxmi Nagar', 'Metro Station Road'),
('EMP-0065', 'India', 'Kerala', 'Kochi', '682009', '12 Panampilly Nagar', 'Avenue Road'),
('EMP-0066', 'India', 'Telangana', 'Hyderabad', '500008', '45 LB Nagar', 'Main Colony'),
('EMP-0067', 'India', 'Tamil Nadu', 'Chennai', '600013', '78 Mogappair', 'East Colony'),
('EMP-0068', 'India', 'Maharashtra', 'Mumbai', '400009', '34 Malad', 'West Mindspace'),
('EMP-0069', 'India', 'Delhi', 'New Delhi', '110012', '56 Mayur Vihar', 'Phase 1'),
('EMP-0070', 'India', 'Telangana', 'Hyderabad', '500009', '89 Dilsukhnagar', 'Main Road'),
('EMP-0071', 'India', 'Delhi', 'New Delhi', '110013', '12 Noida', 'Sector 18'),
('EMP-0072', 'India', 'Tamil Nadu', 'Chennai', '600014', '45 Perungudi', 'OMR Road'),
('EMP-0073', 'India', 'Karnataka', 'Bangalore', '560015', '67 Bannerghatta Road', 'JP Nagar'),
('EMP-0074', 'India', 'Kerala', 'Kochi', '682010', '23 Kaloor', 'Stadium Road'),
('EMP-0075', 'India', 'Karnataka', 'Bangalore', '560016', '90 Domlur', 'Airport Road'),
('EMP-0076', 'India', 'Delhi', 'New Delhi', '110014', '12 Preet Vihar', 'Main Market'),
('EMP-0077', 'India', 'Tamil Nadu', 'Chennai', '600015', '45 Thoraipakkam', 'OMR Road'),
('EMP-0078', 'India', 'Kerala', 'Kochi', '682011', '67 Kakkanad', 'Smart City Road'),
('EMP-0079', 'India', 'Tamil Nadu', 'Chennai', '600016', '23 Perambur', 'Barracks Road'),
('EMP-0080', 'India', 'West Bengal', 'Kolkata', '700005', '90 Ballygunge', 'Circular Road'),
('EMP-0081', 'India', 'Tamil Nadu', 'Chennai', '600017', '12 Tambaram', 'GST Road'),
('EMP-0082', 'India', 'Karnataka', 'Bangalore', '560017', '45 Yelahanka', 'New Town Road'),
('EMP-0083', 'India', 'Kerala', 'Kochi', '682012', '67 Tripunithura', 'Hill Palace Road'),
('EMP-0084', 'India', 'Delhi', 'New Delhi', '110015', '23 Uttam Nagar', 'West Colony'),
('EMP-0085', 'India', 'Telangana', 'Hyderabad', '500010', '90 Kompally', 'Main Road'),
('EMP-0086', 'India', 'Tamil Nadu', 'Chennai', '600018', '12 Alwarpet', 'TTK Road'),
('EMP-0087', 'India', 'Karnataka', 'Bangalore', '560018', '45 Sarjapur Road', 'Bellandur'),
('EMP-0088', 'India', 'Kerala', 'Kochi', '682013', '67 Aluva', 'Periyar Road'),
('EMP-0089', 'India', 'Tamil Nadu', 'Chennai', '600019', '23 Kilpauk', 'Garden Road'),
('EMP-0090', 'India', 'Kerala', 'Kochi', '682014', '90 Fort Kochi', 'Beach Road'),
('EMP-0091', 'India', 'Karnataka', 'Bangalore', '560019', '12 Banashankari', '3rd Stage'),
('EMP-0092', 'India', 'Karnataka', 'Bangalore', '560020', '45 Kengeri', 'Satellite Town'),
('EMP-0093', 'India', 'Tamil Nadu', 'Chennai', '600020', '67 Poonamallee', 'High Road'),
('EMP-0094', 'India', 'Kerala', 'Kochi', '682015', '23 Mattancherry', 'Jew Town Road'),
('EMP-0095', 'India', 'Tamil Nadu', 'Chennai', '600021', '90 Madambakkam', 'GST Road'),
('EMP-0096', 'India', 'Karnataka', 'Bangalore', '560021', '12 Vidyaranyapura', 'Main Road'),
('EMP-0097', 'India', 'Tamil Nadu', 'Chennai', '600022', '45 Avadi', 'High Road'),
('EMP-0098', 'India', 'Maharashtra', 'Mumbai', '400010', '67 Thane', 'West Station Road'),
('EMP-0099', 'India', 'Telangana', 'Hyderabad', '500011', '23 Uppal', 'Main Colony'),
('EMP-0100', 'India', 'Tamil Nadu', 'Chennai', '600023', '90 Porur', 'Trunk Road');